StartDate,EndDate,Value (kWh),Notes
2023-12-01 00:00:00,2023-12-01 01:00:00,0.786,
2023-12-01 01:00:00,2023-12-01 02:00:00,1.768,
2023-12-01 02:00:00,2023-12-01 03:00:00,3.113,
2023-12-01 03:00:00,2023-12-01 04:00:00,1.591,
2023-12-01 04:00:00,2023-12-01 05:00:00,0.808,
2023-12-01 05:00:00,2023-12-01 06:00:00,0.88,
2023-12-01 06:00:00,2023-12-01 07:00:00,0.628,
2023-12-01 07:00:00,2023-12-01 08:00:00,0.71,
2023-12-01 08:00:00,2023-12-01 09:00:00,0.971,
2023-12-01 09:00:00,2023-12-01 10:00:00,0.852,
2023-12-01 10:00:00,2023-12-01 11:00:00,1.419,
2023-12-01 11:00:00,2023-12-01 12:00:00,1.794,
2023-12-01 12:00:00,2023-12-01 13:00:00,0.811,
2023-12-01 13:00:00,2023-12-01 14:00:00,1.147,
2023-12-01 14:00:00,2023-12-01 15:00:00,0.923,
2023-12-01 15:00:00,2023-12-01 16:00:00,0.845,
2023-12-01 16:00:00,2023-12-01 17:00:00,1.07,
2023-12-01 17:00:00,2023-12-01 18:00:00,0.734,
2023-12-01 18:00:00,2023-12-01 19:00:00,0.772,
2023-12-01 19:00:00,2023-12-01 20:00:00,0.974,
2023-12-01 20:00:00,2023-12-01 21:00:00,3.053,
2023-12-01 21:00:00,2023-12-01 22:00:00,3.629,
2023-12-01 22:00:00,2023-12-01 23:00:00,1.163,
2023-12-01 23:00:00,2023-12-02 00:00:00,0.973,
2023-12-02 00:00:00,2023-12-02 01:00:00,0.596,
2023-12-02 01:00:00,2023-12-02 02:00:00,0.95,
2023-12-02 02:00:00,2023-12-02 03:00:00,1.021,
2023-12-02 03:00:00,2023-12-02 04:00:00,2.538,
2023-12-02 04:00:00,2023-12-02 05:00:00,0.978,
2023-12-02 05:00:00,2023-12-02 06:00:00,0.599,
2023-12-02 06:00:00,2023-12-02 07:00:00,0.861,
2023-12-02 07:00:00,2023-12-02 08:00:00,2.269,
2023-12-02 08:00:00,2023-12-02 09:00:00,2.436,
2023-12-02 09:00:00,2023-12-02 10:00:00,0.894,
2023-12-02 10:00:00,2023-12-02 11:00:00,1.146,
2023-12-02 11:00:00,2023-12-02 12:00:00,1.691,
2023-12-02 12:00:00,2023-12-02 13:00:00,0.632,
2023-12-02 13:00:00,2023-12-02 14:00:00,0.967,
2023-12-02 14:00:00,2023-12-02 15:00:00,0.62,
2023-12-02 15:00:00,2023-12-02 16:00:00,0.806,
2023-12-02 16:00:00,2023-12-02 17:00:00,1.266,
2023-12-02 17:00:00,2023-12-02 18:00:00,0.78,
2023-12-02 18:00:00,2023-12-02 19:00:00,2.09,
2023-12-02 19:00:00,2023-12-02 20:00:00,6.039,
2023-12-02 20:00:00,2023-12-02 21:00:00,1.363,
2023-12-02 21:00:00,2023-12-02 22:00:00,1.048,
2023-12-02 22:00:00,2023-12-02 23:00:00,0.78,
2023-12-02 23:00:00,2023-12-03 00:00:00,0.745,
2023-12-03 00:00:00,2023-12-03 01:00:00,1.255,
2023-12-03 01:00:00,2023-12-03 02:00:00,1.483,
2023-12-03 02:00:00,2023-12-03 03:00:00,2.015,
2023-12-03 03:00:00,2023-12-03 04:00:00,1.588,
2023-12-03 04:00:00,2023-12-03 05:00:00,0.571,
2023-12-03 05:00:00,2023-12-03 06:00:00,0.886,
2023-12-03 06:00:00,2023-12-03 07:00:00,0.576,
2023-12-03 07:00:00,2023-12-03 08:00:00,0.595,
2023-12-03 08:00:00,2023-12-03 09:00:00,0.895,
2023-12-03 09:00:00,2023-12-03 10:00:00,2.063,
2023-12-03 10:00:00,2023-12-03 11:00:00,4.01,
2023-12-03 11:00:00,2023-12-03 12:00:00,2.608,
2023-12-03 12:00:00,2023-12-03 13:00:00,1.269,
2023-12-03 13:00:00,2023-12-03 14:00:00,1.139,
2023-12-03 14:00:00,2023-12-03 15:00:00,1.386,
2023-12-03 15:00:00,2023-12-03 16:00:00,1.045,
2023-12-03 16:00:00,2023-12-03 17:00:00,0.867,
2023-12-03 17:00:00,2023-12-03 18:00:00,0.801,
2023-12-03 18:00:00,2023-12-03 19:00:00,0.94,
2023-12-03 19:00:00,2023-12-03 20:00:00,1.191,
2023-12-03 20:00:00,2023-12-03 21:00:00,3.125,
2023-12-03 21:00:00,2023-12-03 22:00:00,3.174,
2023-12-03 22:00:00,2023-12-03 23:00:00,2.05,
2023-12-03 23:00:00,2023-12-04 00:00:00,0.985,
2023-12-04 00:00:00,2023-12-04 01:00:00,0.842,
2023-12-04 01:00:00,2023-12-04 02:00:00,2.503,
2023-12-04 02:00:00,2023-12-04 03:00:00,1.321,
2023-12-04 03:00:00,2023-12-04 04:00:00,0.966,
2023-12-04 04:00:00,2023-12-04 05:00:00,1.862,
2023-12-04 05:00:00,2023-12-04 06:00:00,1.292,
2023-12-04 06:00:00,2023-12-04 07:00:00,0.717,
2023-12-04 07:00:00,2023-12-04 08:00:00,0.543,
2023-12-04 08:00:00,2023-12-04 09:00:00,0.903,
2023-12-04 09:00:00,2023-12-04 10:00:00,1.278,
2023-12-04 10:00:00,2023-12-04 11:00:00,1.175,
2023-12-04 11:00:00,2023-12-04 12:00:00,1.381,
2023-12-04 12:00:00,2023-12-04 13:00:00,1.815,
2023-12-04 13:00:00,2023-12-04 14:00:00,1.609,
2023-12-04 14:00:00,2023-12-04 15:00:00,2.102,
2023-12-04 15:00:00,2023-12-04 16:00:00,1.983,
2023-12-04 16:00:00,2023-12-04 17:00:00,2.685,
2023-12-04 17:00:00,2023-12-04 18:00:00,3.726,
2023-12-04 18:00:00,2023-12-04 19:00:00,2.333,
2023-12-04 19:00:00,2023-12-04 20:00:00,2.203,
2023-12-04 20:00:00,2023-12-04 21:00:00,1.091,
2023-12-04 21:00:00,2023-12-04 22:00:00,1.187,
2023-12-04 22:00:00,2023-12-04 23:00:00,1.612,
2023-12-04 23:00:00,2023-12-05 00:00:00,1.869,
2023-12-05 00:00:00,2023-12-05 01:00:00,1.434,
2023-12-05 01:00:00,2023-12-05 02:00:00,3.485,
2023-12-05 02:00:00,2023-12-05 03:00:00,0.949,
2023-12-05 03:00:00,2023-12-05 04:00:00,0.436,
2023-12-05 04:00:00,2023-12-05 05:00:00,0.654,
2023-12-05 05:00:00,2023-12-05 06:00:00,0.45,
2023-12-05 06:00:00,2023-12-05 07:00:00,0.453,
2023-12-05 07:00:00,2023-12-05 08:00:00,0.718,
2023-12-05 08:00:00,2023-12-05 09:00:00,0.507,
2023-12-05 09:00:00,2023-12-05 10:00:00,0.545,
2023-12-05 10:00:00,2023-12-05 11:00:00,1.055,
2023-12-05 11:00:00,2023-12-05 12:00:00,1.825,
2023-12-05 12:00:00,2023-12-05 13:00:00,2.005,
2023-12-05 13:00:00,2023-12-05 14:00:00,0.936,
2023-12-05 14:00:00,2023-12-05 15:00:00,1.057,
2023-12-05 15:00:00,2023-12-05 16:00:00,1.236,
2023-12-05 16:00:00,2023-12-05 17:00:00,1.133,
2023-12-05 17:00:00,2023-12-05 18:00:00,4.369,
2023-12-05 18:00:00,2023-12-05 19:00:00,3.198,
2023-12-05 19:00:00,2023-12-05 20:00:00,2.728,
2023-12-05 20:00:00,2023-12-05 21:00:00,1.508,
2023-12-05 21:00:00,2023-12-05 22:00:00,3.709,
2023-12-05 22:00:00,2023-12-05 23:00:00,1.899,
2023-12-05 23:00:00,2023-12-06 00:00:00,1.278,
2023-12-06 00:00:00,2023-12-06 01:00:00,1.44,
2023-12-06 01:00:00,2023-12-06 02:00:00,0.973,
2023-12-06 02:00:00,2023-12-06 03:00:00,0.953,
2023-12-06 03:00:00,2023-12-06 04:00:00,1.148,
2023-12-06 04:00:00,2023-12-06 05:00:00,0.984,
2023-12-06 05:00:00,2023-12-06 06:00:00,0.767,
2023-12-06 06:00:00,2023-12-06 07:00:00,0.741,
2023-12-06 07:00:00,2023-12-06 08:00:00,0.797,
2023-12-06 08:00:00,2023-12-06 09:00:00,1.088,
2023-12-06 09:00:00,2023-12-06 10:00:00,0.858,
2023-12-06 10:00:00,2023-12-06 11:00:00,0.862,
2023-12-06 11:00:00,2023-12-06 12:00:00,1.116,
2023-12-06 12:00:00,2023-12-06 13:00:00,0.854,
2023-12-06 13:00:00,2023-12-06 14:00:00,1.279,
2023-12-06 14:00:00,2023-12-06 15:00:00,1.416,
2023-12-06 15:00:00,2023-12-06 16:00:00,1.198,
2023-12-06 16:00:00,2023-12-06 17:00:00,0.978,
2023-12-06 17:00:00,2023-12-06 18:00:00,2.361,
2023-12-06 18:00:00,2023-12-06 19:00:00,1.243,
2023-12-06 19:00:00,2023-12-06 20:00:00,1.72,
2023-12-06 20:00:00,2023-12-06 21:00:00,0.919,
2023-12-06 21:00:00,2023-12-06 22:00:00,0.826,
2023-12-06 22:00:00,2023-12-06 23:00:00,0.567,
2023-12-06 23:00:00,2023-12-07 00:00:00,0.547,
2023-12-07 00:00:00,2023-12-07 01:00:00,0.825,
2023-12-07 01:00:00,2023-12-07 02:00:00,0.47,
2023-12-07 02:00:00,2023-12-07 03:00:00,0.44,
2023-12-07 03:00:00,2023-12-07 04:00:00,0.416,
2023-12-07 04:00:00,2023-12-07 05:00:00,0.633,
2023-12-07 05:00:00,2023-12-07 06:00:00,0.454,
2023-12-07 06:00:00,2023-12-07 07:00:00,0.45,
2023-12-07 07:00:00,2023-12-07 08:00:00,0.46,
2023-12-07 08:00:00,2023-12-07 09:00:00,0.753,
2023-12-07 09:00:00,2023-12-07 10:00:00,0.573,
2023-12-07 10:00:00,2023-12-07 11:00:00,0.704,
2023-12-07 11:00:00,2023-12-07 12:00:00,0.601,
2023-12-07 12:00:00,2023-12-07 13:00:00,0.798,
2023-12-07 13:00:00,2023-12-07 14:00:00,0.564,
2023-12-07 14:00:00,2023-12-07 15:00:00,0.64,
2023-12-07 15:00:00,2023-12-07 16:00:00,3.894,
2023-12-07 16:00:00,2023-12-07 17:00:00,1.085,
2023-12-07 17:00:00,2023-12-07 18:00:00,0.959,
2023-12-07 18:00:00,2023-12-07 19:00:00,0.909,
2023-12-07 19:00:00,2023-12-07 20:00:00,1.496,
2023-12-07 20:00:00,2023-12-07 21:00:00,3.683,
2023-12-07 21:00:00,2023-12-07 22:00:00,1.214,
2023-12-07 22:00:00,2023-12-07 23:00:00,1.019,
2023-12-07 23:00:00,2023-12-08 00:00:00,1.826,
2023-12-08 00:00:00,2023-12-08 01:00:00,1.658,
2023-12-08 01:00:00,2023-12-08 02:00:00,1.548,
2023-12-08 02:00:00,2023-12-08 03:00:00,1.057,
2023-12-08 03:00:00,2023-12-08 04:00:00,1.168,
2023-12-08 04:00:00,2023-12-08 05:00:00,1.259,
2023-12-08 05:00:00,2023-12-08 06:00:00,1.376,
2023-12-08 06:00:00,2023-12-08 07:00:00,0.897,
2023-12-08 07:00:00,2023-12-08 08:00:00,0.842,
2023-12-08 08:00:00,2023-12-08 09:00:00,1.004,
2023-12-08 09:00:00,2023-12-08 10:00:00,1.076,
2023-12-08 10:00:00,2023-12-08 11:00:00,1.226,
2023-12-08 11:00:00,2023-12-08 12:00:00,1.616,
2023-12-08 12:00:00,2023-12-08 13:00:00,1.426,
2023-12-08 13:00:00,2023-12-08 14:00:00,1.706,
2023-12-08 14:00:00,2023-12-08 15:00:00,0.761,
2023-12-08 15:00:00,2023-12-08 16:00:00,1.544,
2023-12-08 16:00:00,2023-12-08 17:00:00,1.972,
2023-12-08 17:00:00,2023-12-08 18:00:00,2.412,
2023-12-08 18:00:00,2023-12-08 19:00:00,1.779,
2023-12-08 19:00:00,2023-12-08 20:00:00,1.849,
2023-12-08 20:00:00,2023-12-08 21:00:00,1.481,
2023-12-08 21:00:00,2023-12-08 22:00:00,3.273,
2023-12-08 22:00:00,2023-12-08 23:00:00,2.445,
2023-12-08 23:00:00,2023-12-09 00:00:00,1.628,
2023-12-09 00:00:00,2023-12-09 01:00:00,0.854,
2023-12-09 01:00:00,2023-12-09 02:00:00,0.592,
2023-12-09 02:00:00,2023-12-09 03:00:00,0.739,
2023-12-09 03:00:00,2023-12-09 04:00:00,0.786,
2023-12-09 04:00:00,2023-12-09 05:00:00,0.853,
2023-12-09 05:00:00,2023-12-09 06:00:00,1.028,
2023-12-09 06:00:00,2023-12-09 07:00:00,0.718,
2023-12-09 07:00:00,2023-12-09 08:00:00,1.346,
2023-12-09 08:00:00,2023-12-09 09:00:00,2.228,
2023-12-09 09:00:00,2023-12-09 10:00:00,0.989,
2023-12-09 10:00:00,2023-12-09 11:00:00,0.999,
2023-12-09 11:00:00,2023-12-09 12:00:00,1.703,
2023-12-09 12:00:00,2023-12-09 13:00:00,1.087,
2023-12-09 13:00:00,2023-12-09 14:00:00,1.194,
2023-12-09 14:00:00,2023-12-09 15:00:00,2.11,
2023-12-09 15:00:00,2023-12-09 16:00:00,2.333,
2023-12-09 16:00:00,2023-12-09 17:00:00,0.976,
2023-12-09 17:00:00,2023-12-09 18:00:00,0.64,
2023-12-09 18:00:00,2023-12-09 19:00:00,0.661,
2023-12-09 19:00:00,2023-12-09 20:00:00,0.645,
2023-12-09 20:00:00,2023-12-09 21:00:00,1.559,
2023-12-09 21:00:00,2023-12-09 22:00:00,1.89,
2023-12-09 22:00:00,2023-12-09 23:00:00,5.903,
2023-12-09 23:00:00,2023-12-10 00:00:00,1.524,
2023-12-10 00:00:00,2023-12-10 01:00:00,1.081,
2023-12-10 01:00:00,2023-12-10 02:00:00,1.261,
2023-12-10 02:00:00,2023-12-10 03:00:00,0.949,
2023-12-10 03:00:00,2023-12-10 04:00:00,0.776,
2023-12-10 04:00:00,2023-12-10 05:00:00,0.889,
2023-12-10 05:00:00,2023-12-10 06:00:00,0.661,
2023-12-10 06:00:00,2023-12-10 07:00:00,0.511,
2023-12-10 07:00:00,2023-12-10 08:00:00,1.545,
2023-12-10 08:00:00,2023-12-10 09:00:00,1.87,
2023-12-10 09:00:00,2023-12-10 10:00:00,1.105,
2023-12-10 10:00:00,2023-12-10 11:00:00,1.213,
2023-12-10 11:00:00,2023-12-10 12:00:00,1.031,
2023-12-10 12:00:00,2023-12-10 13:00:00,0.965,
2023-12-10 13:00:00,2023-12-10 14:00:00,1.032,
2023-12-10 14:00:00,2023-12-10 15:00:00,1.182,
2023-12-10 15:00:00,2023-12-10 16:00:00,1.042,
2023-12-10 16:00:00,2023-12-10 17:00:00,0.814,
2023-12-10 17:00:00,2023-12-10 18:00:00,0.77,
2023-12-10 18:00:00,2023-12-10 19:00:00,0.919,
2023-12-10 19:00:00,2023-12-10 20:00:00,2.458,
2023-12-10 20:00:00,2023-12-10 21:00:00,2.07,
2023-12-10 21:00:00,2023-12-10 22:00:00,0.782,
2023-12-10 22:00:00,2023-12-10 23:00:00,1.859,
2023-12-10 23:00:00,2023-12-11 00:00:00,1.429,
2023-12-11 00:00:00,2023-12-11 01:00:00,0.858,
2023-12-11 01:00:00,2023-12-11 02:00:00,0.561,
2023-12-11 02:00:00,2023-12-11 03:00:00,0.537,
2023-12-11 03:00:00,2023-12-11 04:00:00,0.835,
2023-12-11 04:00:00,2023-12-11 05:00:00,0.529,
2023-12-11 05:00:00,2023-12-11 06:00:00,0.547,
2023-12-11 06:00:00,2023-12-11 07:00:00,0.451,
2023-12-11 07:00:00,2023-12-11 08:00:00,0.68,
2023-12-11 08:00:00,2023-12-11 09:00:00,0.473,
2023-12-11 09:00:00,2023-12-11 10:00:00,0.51,
2023-12-11 10:00:00,2023-12-11 11:00:00,0.502,
2023-12-11 11:00:00,2023-12-11 12:00:00,1.142,
2023-12-11 12:00:00,2023-12-11 13:00:00,0.881,
2023-12-11 13:00:00,2023-12-11 14:00:00,0.959,
2023-12-11 14:00:00,2023-12-11 15:00:00,1.177,
2023-12-11 15:00:00,2023-12-11 16:00:00,1.161,
2023-12-11 16:00:00,2023-12-11 17:00:00,1.093,
2023-12-11 17:00:00,2023-12-11 18:00:00,0.786,
2023-12-11 18:00:00,2023-12-11 19:00:00,2.557,
2023-12-11 19:00:00,2023-12-11 20:00:00,1.2,
2023-12-11 20:00:00,2023-12-11 21:00:00,1.65,
2023-12-11 21:00:00,2023-12-11 22:00:00,0.871,
2023-12-11 22:00:00,2023-12-11 23:00:00,0.78,
2023-12-11 23:00:00,2023-12-12 00:00:00,0.538,
2023-12-12 00:00:00,2023-12-12 01:00:00,0.49,
2023-12-12 01:00:00,2023-12-12 02:00:00,0.736,
2023-12-12 02:00:00,2023-12-12 03:00:00,0.46,
2023-12-12 03:00:00,2023-12-12 04:00:00,0.47,
2023-12-12 04:00:00,2023-12-12 05:00:00,0.406,
2023-12-12 05:00:00,2023-12-12 06:00:00,0.66,
2023-12-12 06:00:00,2023-12-12 07:00:00,0.382,
2023-12-12 07:00:00,2023-12-12 08:00:00,0.435,
2023-12-12 08:00:00,2023-12-12 09:00:00,0.508,
2023-12-12 09:00:00,2023-12-12 10:00:00,0.814,
2023-12-12 10:00:00,2023-12-12 11:00:00,0.686,
2023-12-12 11:00:00,2023-12-12 12:00:00,1.125,
2023-12-12 12:00:00,2023-12-12 13:00:00,1.157,
2023-12-12 13:00:00,2023-12-12 14:00:00,1.865,
2023-12-12 14:00:00,2023-12-12 15:00:00,0.918,
2023-12-12 15:00:00,2023-12-12 16:00:00,2.096,
2023-12-12 16:00:00,2023-12-12 17:00:00,1.166,
2023-12-12 17:00:00,2023-12-12 18:00:00,1.003,
2023-12-12 18:00:00,2023-12-12 19:00:00,0.814,
2023-12-12 19:00:00,2023-12-12 20:00:00,1.951,
2023-12-12 20:00:00,2023-12-12 21:00:00,0.62,
2023-12-12 21:00:00,2023-12-12 22:00:00,0.748,
2023-12-12 22:00:00,2023-12-12 23:00:00,0.612,
2023-12-12 23:00:00,2023-12-13 00:00:00,0.99,
2023-12-13 00:00:00,2023-12-13 01:00:00,0.762,
2023-12-13 01:00:00,2023-12-13 02:00:00,0.715,
2023-12-13 02:00:00,2023-12-13 03:00:00,0.686,
2023-12-13 03:00:00,2023-12-13 04:00:00,0.813,
2023-12-13 04:00:00,2023-12-13 05:00:00,0.468,
2023-12-13 05:00:00,2023-12-13 06:00:00,0.389,
2023-12-13 06:00:00,2023-12-13 07:00:00,0.4,
2023-12-13 07:00:00,2023-12-13 08:00:00,0.642,
2023-12-13 08:00:00,2023-12-13 09:00:00,0.493,
2023-12-13 09:00:00,2023-12-13 10:00:00,0.488,
2023-12-13 10:00:00,2023-12-13 11:00:00,0.509,
2023-12-13 11:00:00,2023-12-13 12:00:00,0.764,
2023-12-13 12:00:00,2023-12-13 13:00:00,0.564,
2023-12-13 13:00:00,2023-12-13 14:00:00,0.639,
2023-12-13 14:00:00,2023-12-13 15:00:00,0.646,
2023-12-13 15:00:00,2023-12-13 16:00:00,1.078,
2023-12-13 16:00:00,2023-12-13 17:00:00,1.005,
2023-12-13 17:00:00,2023-12-13 18:00:00,1.273,
2023-12-13 18:00:00,2023-12-13 19:00:00,0.477,
2023-12-13 19:00:00,2023-12-13 20:00:00,0.457,
2023-12-13 20:00:00,2023-12-13 21:00:00,0.585,
2023-12-13 21:00:00,2023-12-13 22:00:00,0.374,
2023-12-13 22:00:00,2023-12-13 23:00:00,0.366,
2023-12-13 23:00:00,2023-12-14 00:00:00,0.365,
2023-12-14 00:00:00,2023-12-14 01:00:00,0.594,
2023-12-14 01:00:00,2023-12-14 02:00:00,0.373,
2023-12-14 02:00:00,2023-12-14 03:00:00,0.361,
2023-12-14 03:00:00,2023-12-14 04:00:00,0.375,
2023-12-14 04:00:00,2023-12-14 05:00:00,0.589,
2023-12-14 05:00:00,2023-12-14 06:00:00,0.367,
2023-12-14 06:00:00,2023-12-14 07:00:00,0.348,
2023-12-14 07:00:00,2023-12-14 08:00:00,0.388,
2023-12-14 08:00:00,2023-12-14 09:00:00,0.655,
2023-12-14 09:00:00,2023-12-14 10:00:00,0.474,
2023-12-14 10:00:00,2023-12-14 11:00:00,0.444,
2023-12-14 11:00:00,2023-12-14 12:00:00,0.484,
2023-12-14 12:00:00,2023-12-14 13:00:00,0.709,
2023-12-14 13:00:00,2023-12-14 14:00:00,0.472,
2023-12-14 14:00:00,2023-12-14 15:00:00,0.443,
2023-12-14 15:00:00,2023-12-14 16:00:00,0.494,
2023-12-14 16:00:00,2023-12-14 17:00:00,0.711,
2023-12-14 17:00:00,2023-12-14 18:00:00,0.468,
2023-12-14 18:00:00,2023-12-14 19:00:00,0.473,
2023-12-14 19:00:00,2023-12-14 20:00:00,1.787,
2023-12-14 20:00:00,2023-12-14 21:00:00,2.07,
2023-12-14 21:00:00,2023-12-14 22:00:00,0.81,
2023-12-14 22:00:00,2023-12-14 23:00:00,0.637,
2023-12-14 23:00:00,2023-12-15 00:00:00,0.869,
2023-12-15 00:00:00,2023-12-15 01:00:00,0.688,
2023-12-15 01:00:00,2023-12-15 02:00:00,1.713,
2023-12-15 02:00:00,2023-12-15 03:00:00,0.699,
2023-12-15 03:00:00,2023-12-15 04:00:00,1.865,
2023-12-15 04:00:00,2023-12-15 05:00:00,5.887,
2023-12-15 05:00:00,2023-12-15 06:00:00,1.294,
2023-12-15 06:00:00,2023-12-15 07:00:00,0.761,
2023-12-15 07:00:00,2023-12-15 08:00:00,1.011,
2023-12-15 08:00:00,2023-12-15 09:00:00,0.814,
2023-12-15 09:00:00,2023-12-15 10:00:00,0.866,
2023-12-15 10:00:00,2023-12-15 11:00:00,1.101,
2023-12-15 11:00:00,2023-12-15 12:00:00,1.687,
2023-12-15 12:00:00,2023-12-15 13:00:00,3.053,
2023-12-15 13:00:00,2023-12-15 14:00:00,2.404,
2023-12-15 14:00:00,2023-12-15 15:00:00,0.514,
2023-12-15 15:00:00,2023-12-15 16:00:00,0.829,
2023-12-15 16:00:00,2023-12-15 17:00:00,0.497,
2023-12-15 17:00:00,2023-12-15 18:00:00,0.557,
2023-12-15 18:00:00,2023-12-15 19:00:00,0.5,
2023-12-15 19:00:00,2023-12-15 20:00:00,2.859,
2023-12-15 20:00:00,2023-12-15 21:00:00,0.757,
2023-12-15 21:00:00,2023-12-15 22:00:00,0.694,
2023-12-15 22:00:00,2023-12-15 23:00:00,0.421,
2023-12-15 23:00:00,2023-12-16 00:00:00,0.425,
2023-12-16 00:00:00,2023-12-16 01:00:00,2.099,
2023-12-16 01:00:00,2023-12-16 02:00:00,4.324,
2023-12-16 02:00:00,2023-12-16 03:00:00,3.035,
2023-12-16 03:00:00,2023-12-16 04:00:00,3.886,
2023-12-16 04:00:00,2023-12-16 05:00:00,2.998,
2023-12-16 05:00:00,2023-12-16 06:00:00,0.755,
2023-12-16 06:00:00,2023-12-16 07:00:00,1.014,
2023-12-16 07:00:00,2023-12-16 08:00:00,0.824,
2023-12-16 08:00:00,2023-12-16 09:00:00,0.872,
2023-12-16 09:00:00,2023-12-16 10:00:00,1.175,
2023-12-16 10:00:00,2023-12-16 11:00:00,2.322,
2023-12-16 11:00:00,2023-12-16 12:00:00,2.471,
2023-12-16 12:00:00,2023-12-16 13:00:00,1.523,
2023-12-16 13:00:00,2023-12-16 14:00:00,0.919,
2023-12-16 14:00:00,2023-12-16 15:00:00,0.924,
2023-12-16 15:00:00,2023-12-16 16:00:00,1.174,
2023-12-16 16:00:00,2023-12-16 17:00:00,3.082,
2023-12-16 17:00:00,2023-12-16 18:00:00,1.974,
2023-12-16 18:00:00,2023-12-16 19:00:00,1.426,
2023-12-16 19:00:00,2023-12-16 20:00:00,1.358,
2023-12-16 20:00:00,2023-12-16 21:00:00,3.07,
2023-12-16 21:00:00,2023-12-16 22:00:00,3.12,
2023-12-16 22:00:00,2023-12-16 23:00:00,5.592,
2023-12-16 23:00:00,2023-12-17 00:00:00,4.317,
2023-12-17 00:00:00,2023-12-17 01:00:00,2.357,
2023-12-17 01:00:00,2023-12-17 02:00:00,1.416,
2023-12-17 02:00:00,2023-12-17 03:00:00,1.065,
2023-12-17 03:00:00,2023-12-17 04:00:00,1.278,
2023-12-17 04:00:00,2023-12-17 05:00:00,2.511,
2023-12-17 05:00:00,2023-12-17 06:00:00,1.157,
2023-12-17 06:00:00,2023-12-17 07:00:00,2.39,
2023-12-17 07:00:00,2023-12-17 08:00:00,1.181,
2023-12-17 08:00:00,2023-12-17 09:00:00,0.855,
2023-12-17 09:00:00,2023-12-17 10:00:00,1.147,
2023-12-17 10:00:00,2023-12-17 11:00:00,0.912,
2023-12-17 11:00:00,2023-12-17 12:00:00,0.883,
2023-12-17 12:00:00,2023-12-17 13:00:00,1.666,
2023-12-17 13:00:00,2023-12-17 14:00:00,0.897,
2023-12-17 14:00:00,2023-12-17 15:00:00,2.649,
2023-12-17 15:00:00,2023-12-17 16:00:00,1.281,
2023-12-17 16:00:00,2023-12-17 17:00:00,0.919,
2023-12-17 17:00:00,2023-12-17 18:00:00,1.149,
2023-12-17 18:00:00,2023-12-17 19:00:00,0.924,
2023-12-17 19:00:00,2023-12-17 20:00:00,2.825,
2023-12-17 20:00:00,2023-12-17 21:00:00,1.284,
2023-12-17 21:00:00,2023-12-17 22:00:00,1.278,
2023-12-17 22:00:00,2023-12-17 23:00:00,1.447,
2023-12-17 23:00:00,2023-12-18 00:00:00,2.84,
2023-12-18 00:00:00,2023-12-18 01:00:00,3.778,
2023-12-18 01:00:00,2023-12-18 02:00:00,2.414,
2023-12-18 02:00:00,2023-12-18 03:00:00,1.228,
2023-12-18 03:00:00,2023-12-18 04:00:00,1.407,
2023-12-18 04:00:00,2023-12-18 05:00:00,1.15,
2023-12-18 05:00:00,2023-12-18 06:00:00,1.355,
2023-12-18 06:00:00,2023-12-18 07:00:00,0.974,
2023-12-18 07:00:00,2023-12-18 08:00:00,0.758,
2023-12-18 08:00:00,2023-12-18 09:00:00,0.846,
2023-12-18 09:00:00,2023-12-18 10:00:00,1.072,
2023-12-18 10:00:00,2023-12-18 11:00:00,0.961,
2023-12-18 11:00:00,2023-12-18 12:00:00,0.909,
2023-12-18 12:00:00,2023-12-18 13:00:00,0.884,
2023-12-18 13:00:00,2023-12-18 14:00:00,1.378,
2023-12-18 14:00:00,2023-12-18 15:00:00,1.526,
2023-12-18 15:00:00,2023-12-18 16:00:00,0.719,
2023-12-18 16:00:00,2023-12-18 17:00:00,0.802,
2023-12-18 17:00:00,2023-12-18 18:00:00,0.532,
2023-12-18 18:00:00,2023-12-18 19:00:00,0.892,
2023-12-18 19:00:00,2023-12-18 20:00:00,1.559,
2023-12-18 20:00:00,2023-12-18 21:00:00,1.323,
2023-12-18 21:00:00,2023-12-18 22:00:00,0.747,
2023-12-18 22:00:00,2023-12-18 23:00:00,0.611,
2023-12-18 23:00:00,2023-12-19 00:00:00,1.886,
2023-12-19 00:00:00,2023-12-19 01:00:00,2.693,
2023-12-19 01:00:00,2023-12-19 02:00:00,1.058,
2023-12-19 02:00:00,2023-12-19 03:00:00,1.248,
2023-12-19 03:00:00,2023-12-19 04:00:00,1.166,
2023-12-19 04:00:00,2023-12-19 05:00:00,0.746,
2023-12-19 05:00:00,2023-12-19 06:00:00,0.757,
2023-12-19 06:00:00,2023-12-19 07:00:00,0.968,
2023-12-19 07:00:00,2023-12-19 08:00:00,0.756,
2023-12-19 08:00:00,2023-12-19 09:00:00,0.804,
2023-12-19 09:00:00,2023-12-19 10:00:00,0.856,
2023-12-19 10:00:00,2023-12-19 11:00:00,1.504,
2023-12-19 11:00:00,2023-12-19 12:00:00,0.886,
2023-12-19 12:00:00,2023-12-19 13:00:00,1.288,
2023-12-19 13:00:00,2023-12-19 14:00:00,1.292,
2023-12-19 14:00:00,2023-12-19 15:00:00,1.799,
2023-12-19 15:00:00,2023-12-19 16:00:00,1.47,
2023-12-19 16:00:00,2023-12-19 17:00:00,2.31,
2023-12-19 17:00:00,2023-12-19 18:00:00,1.559,
2023-12-19 18:00:00,2023-12-19 19:00:00,1.411,
2023-12-19 19:00:00,2023-12-19 20:00:00,3.14,
2023-12-19 20:00:00,2023-12-19 21:00:00,3.142,
2023-12-19 21:00:00,2023-12-19 22:00:00,1.522,
2023-12-19 22:00:00,2023-12-19 23:00:00,1.509,
2023-12-19 23:00:00,2023-12-20 00:00:00,1.557,
2023-12-20 00:00:00,2023-12-20 01:00:00,1.448,
2023-12-20 01:00:00,2023-12-20 02:00:00,1.812,
2023-12-20 02:00:00,2023-12-20 03:00:00,2.146,
2023-12-20 03:00:00,2023-12-20 04:00:00,1.343,
2023-12-20 04:00:00,2023-12-20 05:00:00,3.748,
2023-12-20 05:00:00,2023-12-20 06:00:00,0.841,
2023-12-20 06:00:00,2023-12-20 07:00:00,0.816,
2023-12-20 07:00:00,2023-12-20 08:00:00,0.897,
2023-12-20 08:00:00,2023-12-20 09:00:00,0.807,
2023-12-20 09:00:00,2023-12-20 10:00:00,0.883,
2023-12-20 10:00:00,2023-12-20 11:00:00,1.11,
2023-12-20 11:00:00,2023-12-20 12:00:00,0.919,
2023-12-20 12:00:00,2023-12-20 13:00:00,1.559,
2023-12-20 13:00:00,2023-12-20 14:00:00,0.881,
2023-12-20 14:00:00,2023-12-20 15:00:00,0.923,
2023-12-20 15:00:00,2023-12-20 16:00:00,0.554,
2023-12-20 16:00:00,2023-12-20 17:00:00,0.552,
2023-12-20 17:00:00,2023-12-20 18:00:00,1.203,
2023-12-20 18:00:00,2023-12-20 19:00:00,2.664,
2023-12-20 19:00:00,2023-12-20 20:00:00,0.899,
2023-12-20 20:00:00,2023-12-20 21:00:00,0.918,
2023-12-20 21:00:00,2023-12-20 22:00:00,0.519,
2023-12-20 22:00:00,2023-12-20 23:00:00,0.645,
2023-12-20 23:00:00,2023-12-21 00:00:00,0.77,
2023-12-21 00:00:00,2023-12-21 01:00:00,0.53,
2023-12-21 01:00:00,2023-12-21 02:00:00,1.436,
2023-12-21 02:00:00,2023-12-21 03:00:00,2.545,
2023-12-21 03:00:00,2023-12-21 04:00:00,1.843,
2023-12-21 04:00:00,2023-12-21 05:00:00,1.028,
2023-12-21 05:00:00,2023-12-21 06:00:00,0.471,
2023-12-21 06:00:00,2023-12-21 07:00:00,0.51,
2023-12-21 07:00:00,2023-12-21 08:00:00,0.419,
2023-12-21 08:00:00,2023-12-21 09:00:00,0.811,
2023-12-21 09:00:00,2023-12-21 10:00:00,0.693,
2023-12-21 10:00:00,2023-12-21 11:00:00,0.881,
2023-12-21 11:00:00,2023-12-21 12:00:00,1.545,
2023-12-21 12:00:00,2023-12-21 13:00:00,2.909,
2023-12-21 13:00:00,2023-12-21 14:00:00,1.994,
2023-12-21 14:00:00,2023-12-21 15:00:00,0.6,
2023-12-21 15:00:00,2023-12-21 16:00:00,0.808,
2023-12-21 16:00:00,2023-12-21 17:00:00,0.594,
2023-12-21 17:00:00,2023-12-21 18:00:00,0.552,
2023-12-21 18:00:00,2023-12-21 19:00:00,0.586,
2023-12-21 19:00:00,2023-12-21 20:00:00,1.921,
2023-12-21 20:00:00,2023-12-21 21:00:00,0.827,
2023-12-21 21:00:00,2023-12-21 22:00:00,0.546,
2023-12-21 22:00:00,2023-12-21 23:00:00,0.804,
2023-12-21 23:00:00,2023-12-22 00:00:00,0.506,
2023-12-22 00:00:00,2023-12-22 01:00:00,1.481,
2023-12-22 01:00:00,2023-12-22 02:00:00,3.668,
2023-12-22 02:00:00,2023-12-22 03:00:00,1.389,
2023-12-22 03:00:00,2023-12-22 04:00:00,1.561,
2023-12-22 04:00:00,2023-12-22 05:00:00,0.412,
2023-12-22 05:00:00,2023-12-22 06:00:00,0.397,
2023-12-22 06:00:00,2023-12-22 07:00:00,0.588,
2023-12-22 07:00:00,2023-12-22 08:00:00,0.477,
2023-12-22 08:00:00,2023-12-22 09:00:00,0.499,
2023-12-22 09:00:00,2023-12-22 10:00:00,0.604,
2023-12-22 10:00:00,2023-12-22 11:00:00,0.639,
2023-12-22 11:00:00,2023-12-22 12:00:00,1.21,
2023-12-22 12:00:00,2023-12-22 13:00:00,1.446,
2023-12-22 13:00:00,2023-12-22 14:00:00,1.007,
2023-12-22 14:00:00,2023-12-22 15:00:00,0.721,
2023-12-22 15:00:00,2023-12-22 16:00:00,0.722,
2023-12-22 16:00:00,2023-12-22 17:00:00,0.722,
2023-12-22 17:00:00,2023-12-22 18:00:00,1.017,
2023-12-22 18:00:00,2023-12-22 19:00:00,1.4,
2023-12-22 19:00:00,2023-12-22 20:00:00,2.291,
2023-12-22 20:00:00,2023-12-22 21:00:00,0.596,
2023-12-22 21:00:00,2023-12-22 22:00:00,0.696,
2023-12-22 22:00:00,2023-12-22 23:00:00,0.398,
2023-12-22 23:00:00,2023-12-23 00:00:00,0.424,
2023-12-23 00:00:00,2023-12-23 01:00:00,0.851,
2023-12-23 01:00:00,2023-12-23 02:00:00,1.825,
2023-12-23 02:00:00,2023-12-23 03:00:00,3.113,
2023-12-23 03:00:00,2023-12-23 04:00:00,1.972,
2023-12-23 04:00:00,2023-12-23 05:00:00,1.106,
2023-12-23 05:00:00,2023-12-23 06:00:00,0.644,
2023-12-23 06:00:00,2023-12-23 07:00:00,0.585,
2023-12-23 07:00:00,2023-12-23 08:00:00,0.813,
2023-12-23 08:00:00,2023-12-23 09:00:00,0.549,
2023-12-23 09:00:00,2023-12-23 10:00:00,0.684,
2023-12-23 10:00:00,2023-12-23 11:00:00,0.686,
2023-12-23 11:00:00,2023-12-23 12:00:00,1.246,
2023-12-23 12:00:00,2023-12-23 13:00:00,1.437,
2023-12-23 13:00:00,2023-12-23 14:00:00,0.477,
2023-12-23 14:00:00,2023-12-23 15:00:00,0.457,
2023-12-23 15:00:00,2023-12-23 16:00:00,1.646,
2023-12-23 16:00:00,2023-12-23 17:00:00,2.336,
2023-12-23 17:00:00,2023-12-23 18:00:00,0.598,
2023-12-23 18:00:00,2023-12-23 19:00:00,0.902,
2023-12-23 19:00:00,2023-12-23 20:00:00,0.546,
2023-12-23 20:00:00,2023-12-23 21:00:00,0.518,
2023-12-23 21:00:00,2023-12-23 22:00:00,0.46,
2023-12-23 22:00:00,2023-12-23 23:00:00,0.836,
2023-12-23 23:00:00,2023-12-24 00:00:00,1.274,
2023-12-24 00:00:00,2023-12-24 01:00:00,0.9,
2023-12-24 01:00:00,2023-12-24 02:00:00,1.324,
2023-12-24 02:00:00,2023-12-24 03:00:00,1.465,
2023-12-24 03:00:00,2023-12-24 04:00:00,1.86,
2023-12-24 04:00:00,2023-12-24 05:00:00,1.602,
2023-12-24 05:00:00,2023-12-24 06:00:00,0.877,
2023-12-24 06:00:00,2023-12-24 07:00:00,0.61,
2023-12-24 07:00:00,2023-12-24 08:00:00,0.564,
2023-12-24 08:00:00,2023-12-24 09:00:00,0.44,
2023-12-24 09:00:00,2023-12-24 10:00:00,0.734,
2023-12-24 10:00:00,2023-12-24 11:00:00,0.5,
2023-12-24 11:00:00,2023-12-24 12:00:00,0.546,
2023-12-24 12:00:00,2023-12-24 13:00:00,0.552,
2023-12-24 13:00:00,2023-12-24 14:00:00,0.459,
2023-12-24 14:00:00,2023-12-24 15:00:00,0.788,
2023-12-24 15:00:00,2023-12-24 16:00:00,0.487,
2023-12-24 16:00:00,2023-12-24 17:00:00,1.648,
2023-12-24 17:00:00,2023-12-24 18:00:00,0.915,
2023-12-24 18:00:00,2023-12-24 19:00:00,0.562,
2023-12-24 19:00:00,2023-12-24 20:00:00,0.975,
2023-12-24 20:00:00,2023-12-24 21:00:00,1.721,
2023-12-24 21:00:00,2023-12-24 22:00:00,0.599,
2023-12-24 22:00:00,2023-12-24 23:00:00,0.436,
2023-12-24 23:00:00,2023-12-25 00:00:00,0.769,
2023-12-25 00:00:00,2023-12-25 01:00:00,0.362,
2023-12-25 01:00:00,2023-12-25 02:00:00,0.384,
2023-12-25 02:00:00,2023-12-25 03:00:00,0.366,
2023-12-25 03:00:00,2023-12-25 04:00:00,0.848,
2023-12-25 04:00:00,2023-12-25 05:00:00,1.022,
2023-12-25 05:00:00,2023-12-25 06:00:00,0.525,
2023-12-25 06:00:00,2023-12-25 07:00:00,0.461,
2023-12-25 07:00:00,2023-12-25 08:00:00,0.392,
2023-12-25 08:00:00,2023-12-25 09:00:00,0.509,
2023-12-25 09:00:00,2023-12-25 10:00:00,0.96,
2023-12-25 10:00:00,2023-12-25 11:00:00,0.749,
2023-12-25 11:00:00,2023-12-25 12:00:00,0.92,
2023-12-25 12:00:00,2023-12-25 13:00:00,1.582,
2023-12-25 13:00:00,2023-12-25 14:00:00,2.352,
2023-12-25 14:00:00,2023-12-25 15:00:00,1.462,
2023-12-25 15:00:00,2023-12-25 16:00:00,0.763,
2023-12-25 16:00:00,2023-12-25 17:00:00,0.962,
2023-12-25 17:00:00,2023-12-25 18:00:00,1.124,
2023-12-25 18:00:00,2023-12-25 19:00:00,0.84,
2023-12-25 19:00:00,2023-12-25 20:00:00,0.863,
2023-12-25 20:00:00,2023-12-25 21:00:00,0.795,
2023-12-25 21:00:00,2023-12-25 22:00:00,0.894,
2023-12-25 22:00:00,2023-12-25 23:00:00,0.626,
2023-12-25 23:00:00,2023-12-26 00:00:00,0.543,
2023-12-26 00:00:00,2023-12-26 01:00:00,0.521,
2023-12-26 01:00:00,2023-12-26 02:00:00,0.518,
2023-12-26 02:00:00,2023-12-26 03:00:00,0.808,
2023-12-26 03:00:00,2023-12-26 04:00:00,0.55,
2023-12-26 04:00:00,2023-12-26 05:00:00,0.527,
2023-12-26 05:00:00,2023-12-26 06:00:00,0.72,
2023-12-26 06:00:00,2023-12-26 07:00:00,0.4,
2023-12-26 07:00:00,2023-12-26 08:00:00,0.437,
2023-12-26 08:00:00,2023-12-26 09:00:00,0.458,
2023-12-26 09:00:00,2023-12-26 10:00:00,0.522,
2023-12-26 10:00:00,2023-12-26 11:00:00,0.788,
2023-12-26 11:00:00,2023-12-26 12:00:00,0.534,
2023-12-26 12:00:00,2023-12-26 13:00:00,0.537,
2023-12-26 13:00:00,2023-12-26 14:00:00,0.543,
2023-12-26 14:00:00,2023-12-26 15:00:00,0.57,
2023-12-26 15:00:00,2023-12-26 16:00:00,1.146,
2023-12-26 16:00:00,2023-12-26 17:00:00,0.523,
2023-12-26 17:00:00,2023-12-26 18:00:00,0.592,
2023-12-26 18:00:00,2023-12-26 19:00:00,0.597,
2023-12-26 19:00:00,2023-12-26 20:00:00,0.602,
2023-12-26 20:00:00,2023-12-26 21:00:00,0.991,
2023-12-26 21:00:00,2023-12-26 22:00:00,1.872,
2023-12-26 22:00:00,2023-12-26 23:00:00,2.62,
2023-12-26 23:00:00,2023-12-27 00:00:00,0.658,
2023-12-27 00:00:00,2023-12-27 01:00:00,0.943,
2023-12-27 01:00:00,2023-12-27 02:00:00,2.898,
2023-12-27 02:00:00,2023-12-27 03:00:00,0.835,
2023-12-27 03:00:00,2023-12-27 04:00:00,0.781,
2023-12-27 04:00:00,2023-12-27 05:00:00,0.419,
2023-12-27 05:00:00,2023-12-27 06:00:00,0.679,
2023-12-27 06:00:00,2023-12-27 07:00:00,0.423,
2023-12-27 07:00:00,2023-12-27 08:00:00,0.401,
2023-12-27 08:00:00,2023-12-27 09:00:00,0.542,
2023-12-27 09:00:00,2023-12-27 10:00:00,0.938,
2023-12-27 10:00:00,2023-12-27 11:00:00,1.272,
2023-12-27 11:00:00,2023-12-27 12:00:00,1.34,
2023-12-27 12:00:00,2023-12-27 13:00:00,1.63,
2023-12-27 13:00:00,2023-12-27 14:00:00,0.516,
2023-12-27 14:00:00,2023-12-27 15:00:00,0.803,
2023-12-27 15:00:00,2023-12-27 16:00:00,2.532,
2023-12-27 16:00:00,2023-12-27 17:00:00,1.638,
2023-12-27 17:00:00,2023-12-27 18:00:00,0.754,
2023-12-27 18:00:00,2023-12-27 19:00:00,1.08,
2023-12-27 19:00:00,2023-12-27 20:00:00,0.764,
2023-12-27 20:00:00,2023-12-27 21:00:00,0.631,
2023-12-27 21:00:00,2023-12-27 22:00:00,0.593,
2023-12-27 22:00:00,2023-12-27 23:00:00,1.223,
2023-12-27 23:00:00,2023-12-28 00:00:00,1.022,
2023-12-28 00:00:00,2023-12-28 01:00:00,1.442,
2023-12-28 01:00:00,2023-12-28 02:00:00,3.465,
2023-12-28 02:00:00,2023-12-28 03:00:00,4.852,
2023-12-28 03:00:00,2023-12-28 04:00:00,1.424,
2023-12-28 04:00:00,2023-12-28 05:00:00,0.753,
2023-12-28 05:00:00,2023-12-28 06:00:00,0.335,
2023-12-28 06:00:00,2023-12-28 07:00:00,0.36,
2023-12-28 07:00:00,2023-12-28 08:00:00,0.335,
2023-12-28 08:00:00,2023-12-28 09:00:00,0.844,
2023-12-28 09:00:00,2023-12-28 10:00:00,0.742,
2023-12-28 10:00:00,2023-12-28 11:00:00,0.984,
2023-12-28 11:00:00,2023-12-28 12:00:00,2.09,
2023-12-28 12:00:00,2023-12-28 13:00:00,2.041,
2023-12-28 13:00:00,2023-12-28 14:00:00,3.276,
2023-12-28 14:00:00,2023-12-28 15:00:00,1.072,
2023-12-28 15:00:00,2023-12-28 16:00:00,1.436,
2023-12-28 16:00:00,2023-12-28 17:00:00,2.351,
2023-12-28 17:00:00,2023-12-28 18:00:00,0.685,
2023-12-28 18:00:00,2023-12-28 19:00:00,0.572,
2023-12-28 19:00:00,2023-12-28 20:00:00,0.557,
2023-12-28 20:00:00,2023-12-28 21:00:00,0.972,
2023-12-28 21:00:00,2023-12-28 22:00:00,0.762,
2023-12-28 22:00:00,2023-12-28 23:00:00,1.837,
2023-12-28 23:00:00,2023-12-29 00:00:00,2.058,
2023-12-29 00:00:00,2023-12-29 01:00:00,1.405,
2023-12-29 01:00:00,2023-12-29 02:00:00,2.131,
2023-12-29 02:00:00,2023-12-29 03:00:00,1.414,
2023-12-29 03:00:00,2023-12-29 04:00:00,1.08,
2023-12-29 04:00:00,2023-12-29 05:00:00,0.893,
2023-12-29 05:00:00,2023-12-29 06:00:00,0.413,
2023-12-29 06:00:00,2023-12-29 07:00:00,0.416,
2023-12-29 07:00:00,2023-12-29 08:00:00,0.381,
2023-12-29 08:00:00,2023-12-29 09:00:00,0.745,
2023-12-29 09:00:00,2023-12-29 10:00:00,0.487,
2023-12-29 10:00:00,2023-12-29 11:00:00,0.499,
2023-12-29 11:00:00,2023-12-29 12:00:00,0.493,
2023-12-29 12:00:00,2023-12-29 13:00:00,0.764,
2023-12-29 13:00:00,2023-12-29 14:00:00,0.54,
2023-12-29 14:00:00,2023-12-29 15:00:00,1.103,
2023-12-29 15:00:00,2023-12-29 16:00:00,1.041,
2023-12-29 16:00:00,2023-12-29 17:00:00,4.233,
2023-12-29 17:00:00,2023-12-29 18:00:00,3.038,
2023-12-29 18:00:00,2023-12-29 19:00:00,4.387,
2023-12-29 19:00:00,2023-12-29 20:00:00,3.733,
2023-12-29 20:00:00,2023-12-29 21:00:00,4.428,
2023-12-29 21:00:00,2023-12-29 22:00:00,1.157,
2023-12-29 22:00:00,2023-12-29 23:00:00,1.133,
2023-12-29 23:00:00,2023-12-30 00:00:00,0.91,
2023-12-30 00:00:00,2023-12-30 01:00:00,1.692,
2023-12-30 01:00:00,2023-12-30 02:00:00,3.349,
2023-12-30 02:00:00,2023-12-30 03:00:00,1.606,
2023-12-30 03:00:00,2023-12-30 04:00:00,0.906,
2023-12-30 04:00:00,2023-12-30 05:00:00,0.419,
2023-12-30 05:00:00,2023-12-30 06:00:00,0.663,
2023-12-30 06:00:00,2023-12-30 07:00:00,0.418,
2023-12-30 07:00:00,2023-12-30 08:00:00,0.522,
2023-12-30 08:00:00,2023-12-30 09:00:00,0.767,
2023-12-30 09:00:00,2023-12-30 10:00:00,0.484,
2023-12-30 10:00:00,2023-12-30 11:00:00,0.977,
2023-12-30 11:00:00,2023-12-30 12:00:00,0.948,
2023-12-30 12:00:00,2023-12-30 13:00:00,2.154,
2023-12-30 13:00:00,2023-12-30 14:00:00,0.772,
2023-12-30 14:00:00,2023-12-30 15:00:00,0.511,
2023-12-30 15:00:00,2023-12-30 16:00:00,0.777,
2023-12-30 16:00:00,2023-12-30 17:00:00,2.317,
2023-12-30 17:00:00,2023-12-30 18:00:00,2.609,
2023-12-30 18:00:00,2023-12-30 19:00:00,3.464,
2023-12-30 19:00:00,2023-12-30 20:00:00,2.306,
2023-12-30 20:00:00,2023-12-30 21:00:00,1.88,
2023-12-30 21:00:00,2023-12-30 22:00:00,0.845,
2023-12-30 22:00:00,2023-12-30 23:00:00,1.601,
2023-12-30 23:00:00,2023-12-31 00:00:00,0.755,
2023-12-31 00:00:00,2023-12-31 01:00:00,1.397,
2023-12-31 01:00:00,2023-12-31 02:00:00,3.1,
2023-12-31 02:00:00,2023-12-31 03:00:00,1.432,
2023-12-31 03:00:00,2023-12-31 04:00:00,2.185,
2023-12-31 04:00:00,2023-12-31 05:00:00,0.866,
2023-12-31 05:00:00,2023-12-31 06:00:00,0.766,
2023-12-31 06:00:00,2023-12-31 07:00:00,0.475,
2023-12-31 07:00:00,2023-12-31 08:00:00,0.428,
2023-12-31 08:00:00,2023-12-31 09:00:00,0.507,
2023-12-31 09:00:00,2023-12-31 10:00:00,0.843,
2023-12-31 10:00:00,2023-12-31 11:00:00,1.131,
2023-12-31 11:00:00,2023-12-31 12:00:00,3.868,
2023-12-31 12:00:00,2023-12-31 13:00:00,2.307,
2023-12-31 13:00:00,2023-12-31 14:00:00,0.749,
2023-12-31 14:00:00,2023-12-31 15:00:00,0.779,
2023-12-31 15:00:00,2023-12-31 16:00:00,0.525,
2023-12-31 16:00:00,2023-12-31 17:00:00,3.572,
2023-12-31 17:00:00,2023-12-31 18:00:00,1.465,
2023-12-31 18:00:00,2023-12-31 19:00:00,1.158,
2023-12-31 19:00:00,2023-12-31 20:00:00,1.493,
2023-12-31 20:00:00,2023-12-31 21:00:00,2.968,
2023-12-31 21:00:00,2023-12-31 22:00:00,1.451,
2023-12-31 22:00:00,2023-12-31 23:00:00,1.217,
2023-12-31 23:00:00,2024-01-01 00:00:00,2.598,
